{"meta_links": {}, "link_tags": {}, "object_parts": [], "base_link_offset": [0.4119663300000001, -0.27437903999999996, 0.15062467499999996], "bbox_size": [0.06268885999999996, 0.25663066, 0.25958805], "orientations": []}