{"init_keypoint_positions": [[431.1556091308594, 145.47398376464844, 273.3377380371094], [433.545166015625, 140.75405883789062, 238.820556640625]], "num_keypoints": 2, "num_stages": 1, "grasp_keypoints": [1], "release_keypoints": [-1]}