{"meta_links": {}, "link_tags": {}, "object_parts": [], "base_link_offset": [0.403270985, -0.2877193149999999, 0.2513802], "bbox_size": [0.2258247899999999, 0.25301001, 0.24347794], "orientations": []}