{"init_keypoint_positions": [[421.97119140625, 137.84744262695312, 226.92239379882812], [0.0, 0.0, 0.0]], "num_keypoints": 2, "num_stages": 1, "grasp_keypoints": [0], "release_keypoints": [-1]}