{"meta_links": {}, "link_tags": {}, "object_parts": [], "base_link_offset": [0.377693835, -0.2567100399999999, 0.18940687], "bbox_size": [0.09332074999999995, 0.08948284000000004, 0.09428990000000004], "orientations": []}