{"init_keypoint_positions": [[425.0898742675781, -9.871997833251953, 263.3200988769531], [476.2973937988281, 126.94187927246094, 214.04800415039062], [298.4880065917969, -140.58824157714844, 98.73889923095703]], "num_keypoints": 3, "num_stages": 2, "grasp_keypoints": [1, -1], "release_keypoints": [-1, 1]}