{"init_keypoint_positions": [[472.4915771484375, 219.75257873535156, 227.33102416992188], [309.4532470703125, 90.47161865234375, 130.58938598632812], [283.48602294921875, -139.00146484375, 97.78821563720703]], "num_keypoints": 3, "num_stages": 2, "grasp_keypoints": [0, -1], "release_keypoints": [-1, 0]}