{"init_keypoint_positions": [[365.1365966796875, 360.4251403808594, 106.0119857788086], [461.0658264160156, 9.730569839477539, 224.59988403320312], [410.9288330078125, -383.9524230957031, 126.88506317138672]], "num_keypoints": 3, "num_stages": 4, "grasp_keypoints": [2, -1, 0, -1], "release_keypoints": [-1, 2, -1, 0]}