{"meta_links": {}, "link_tags": {}, "object_parts": [], "base_link_offset": [0.9715103549999997, 0.013171989999999979, 0.2572819099999999], "bbox_size": [0.4906860700000002, 0.47665019999999997, 0.54044458], "orientations": []}