{"init_keypoint_positions": [[367.4543151855469, 357.63287353515625, 107.65545654296875], [466.4404602050781, -1.2347419261932373, 226.387939453125], [418.1954345703125, -386.166015625, 126.2950668334961]], "num_keypoints": 3, "num_stages": 3, "grasp_keypoints": [0, -1, 2], "release_keypoints": [-1, 0, 2]}