{"init_keypoint_positions": [[463.9968566894531, -33.53729248046875, 256.5556640625], [460.0198669433594, -435.4004821777344, 132.40455627441406], [394.8606872558594, 293.29400634765625, 104.70530700683594]], "num_keypoints": 3, "num_stages": 3, "grasp_keypoints": [0, -1, -1], "release_keypoints": [-1, -1, 0]}