{"meta_links": {}, "link_tags": {}, "object_parts": [], "base_link_offset": [0.5433812899999999, -0.026994420000000015, -0.014696910000000006], "bbox_size": [0.1741282799999999, 0.37133108000000004, 0.32231792000000004], "orientations": []}