{"meta_links": {}, "link_tags": {}, "object_parts": [], "base_link_offset": [0.40850862999999993, -0.229583595, 0.24696337499999998], "bbox_size": [0.21513848000000002, 0.25769905, 0.24875411000000003], "orientations": []}