{"init_keypoint_positions": [[456.0604248046875, -33.39865493774414, 255.59681701660156], [450.6333312988281, -406.6336669921875, 186.39146423339844], [386.5472717285156, 296.50958251953125, 161.08116149902344], [404.860595703125, 301.5249328613281, 74.04157257080078], [230.56581115722656, 233.24337768554688, 56.04649353027344]], "num_keypoints": 5, "num_stages": 3, "grasp_keypoints": [0, -1, -1], "release_keypoints": [-1, -1, 0]}