{"meta_links": {}, "link_tags": {}, "object_parts": [], "base_link_offset": [1.005327645, 0.022691490000000036, 0.2543618199999999], "bbox_size": [0.5049021100000002, 0.6631874200000001, 0.55451502], "orientations": []}