{"meta_links": {}, "link_tags": {}, "object_parts": [], "base_link_offset": [0.16175259984935297, 0.09533864014743575, 0.04894475793499998], "bbox_size": [0.591439083858345, 0.7715890552506579, 0.781251007306], "orientations": []}