{"meta_links": {}, "link_tags": {}, "object_parts": [], "base_link_offset": [0.34231054, -0.22386546499999999, 0.16509950499999998], "bbox_size": [0.10594141999999995, 0.10843619000000004, 0.10650583000000001], "orientations": []}