{"init_keypoint_positions": [[459.91357421875, -33.521480560302734, 255.8914337158203], [451.3660888671875, -410.6726379394531, 176.9061279296875], [384.89666748046875, 296.69879150390625, 163.08901977539062], [403.0608215332031, 294.7016296386719, 83.76927947998047], [218.19773864746094, 226.2076873779297, 56.64979553222656]], "num_keypoints": 5, "num_stages": 3, "grasp_keypoints": [0, -1, -1], "release_keypoints": [-1, -1, 0]}