{"init_keypoint_positions": [[426.3696594238281, -9.170903205871582, 261.45318603515625], [468.6323547363281, 130.715576171875, 213.29608154296875], [299.1755676269531, -133.26380920410156, 99.82286071777344]], "num_keypoints": 3, "num_stages": 2, "grasp_keypoints": [2, -1], "release_keypoints": [-1, 2]}