{"init_keypoint_positions": [[502.0038757324219, -384.3677062988281, 125.84142303466797], [430.7165832519531, -28.614219665527344, 251.7061309814453], [512.6207275390625, -11.239992141723633, 252.16041564941406], [425.2391052246094, 264.4495544433594, 85.53652954101562]], "num_keypoints": 4, "num_stages": 3, "grasp_keypoints": [1, -1, -1], "release_keypoints": [-1, -1, 1]}