{
    "metadata": {},
    "state": {
        "system_registry": {},
        "object_registry": {
            "floors_ptwlei_0": {
                "root_link": {
                    "pos": [
                        0.0,
                        0.0,
                        0.0
                    ],
                    "ori": [
                        0.0,
                        0.0,
                        0.0,
                        1.0
                    ],
                    "lin_vel": [
                        0.0,
                        0.0,
                        0.0
                    ],
                    "ang_vel": [
                        0.0,
                        0.0,
                        0.0
                    ]
                },
                "non_kin": {}
            },
            "holder_1": {
                "root_link": {
                    "pos": [
                        0.4064928889274597,
                        -0.34381476044654846,
                        1.137873888015747
                    ],
                    "ori": [
                        0.6780614852905273,
                        -0.20172403752803802,
                        -0.20152795314788818,
                        0.6774411797523499
                    ],
                    "lin_vel": [
                        0.0,
                        0.0,
                        0.0
                    ],
                    "ang_vel": [
                        0.0,
                        0.0,
                        0.0
                    ]
                },
                "non_kin": {}
            },
            "drawer": {
                "root_link": {
                    "pos": [
                        0.4418206214904785,
                        -0.08546442538499832,
                        1.205750584602356
                    ],
                    "ori": [
                        0.505099356174469,
                        -0.4953291118144989,
                        -0.4959196150302887,
                        0.5035746693611145
                    ],
                    "lin_vel": [
                        0.0,
                        0.0,
                        0.0
                    ],
                    "ang_vel": [
                        0.0,
                        0.0,
                        0.0
                    ]
                },
                "joint_pos": [
                    0.0003567975072655827
                ],
                "joint_vel": [
                    2.13441178793794e-12
                ],
                "joint_eff": [
                    -3.216974437236786e-05
                ],
                "non_kin": {}
            },
            "xarm6": {
                "root_link": {
                    "pos": [
                        0.0,
                        0.0,
                        1.0
                    ],
                    "ori": [
                        0.0,
                        0.0,
                        0.0,
                        1.0
                    ],
                    "lin_vel": [
                        0.0,
                        0.0,
                        0.0
                    ],
                    "ang_vel": [
                        0.0,
                        0.0,
                        0.0
                    ]
                },
                "joint_pos": [
                    7.5411194302432705e-06,
                    -0.5759848356246948,
                    -1.0,
                    -1.656192762311548e-05,
                    1.5707823038101196,
                    1.041050381900277e-05,
                    0.849999189376831,
                    0.8499999642372131,
                    0.8500000238418579,
                    0.849999189376831,
                    0.8499999642372131,
                    0.8499999642372131
                ],
                "joint_vel": [
                    -1.1808225508502801e-07,
                    0.00010301166184945032,
                    -9.428452176507562e-05,
                    1.715816893010924e-07,
                    9.933757246471941e-05,
                    -4.318075639275776e-07,
                    7.69319522078149e-05,
                    -3.146106930529413e-09,
                    6.984635092521785e-12,
                    8.886431896826252e-05,
                    -3.308400442492143e-09,
                    1.7859613787862827e-10
                ],
                "joint_eff": [
                    -1.0376718506677207e-07,
                    -1.2405158145156747e-07,
                    -9.990397842329912e-08,
                    -2.287301015257981e-08,
                    1.826220508149845e-09,
                    7.140954494389007e-12,
                    -1.4496019939969074e-09,
                    -3.1631719465963215e-10,
                    3.7503009031603085e-10,
                    2.6500144301166983e-09,
                    4.663170960483853e-10,
                    -1.0554375151627937e-09
                ],
                "controllers": {
                    "arm_0": {
                        "goal_is_valid": true,
                        "goal": {
                            "target_pos": [
                                0.30936750769615173,
                                -2.2406113657780224e-06,
                                0.35241198539733887
                            ],
                            "target_ori_mat": [
                                [
                                    0.999986469745636,
                                    -3.066092403969378e-06,
                                    0.005202502477914095
                                ],
                                [
                                    -2.944643483715481e-06,
                                    -1.000000238418579,
                                    -2.335198769287672e-05
                                ],
                                [
                                    0.005202502477914095,
                                    2.333635165996384e-05,
                                    -0.9999866485595703
                                ]
                            ]
                        }
                    },
                    "gripper_0": {
                        "goal_is_valid": true,
                        "goal": {
                            "target": [
                                1.0
                            ]
                        }
                    }
                },
                "non_kin": {}
            },
            "desk": {
                "root_link": {
                    "pos": [
                        0.6593576669692993,
                        0.1541491150856018,
                        0.7878884077072144
                    ],
                    "ori": [
                        0.00013026416127104312,
                        -9.62530612014234e-05,
                        0.009745835326611996,
                        0.999952495098114
                    ],
                    "lin_vel": [
                        0.0,
                        0.0,
                        0.0
                    ],
                    "ang_vel": [
                        0.0,
                        0.0,
                        0.0
                    ]
                },
                "non_kin": {}
            },
            "apple": {
                "root_link": {
                    "pos": [
                        0.4134816527366638,
                        0.008174687623977661,
                        1.3250617980957031
                    ],
                    "ori": [
                        0.744214653968811,
                        0.07640344649553299,
                        -0.5917397737503052,
                        -0.3002518117427826
                    ],