{
    "metadata": {},
    "state": {
        "system_registry": {},
        "object_registry": {
            "floors_ptwlei_0": {
                "root_link": {
                    "pos": [
                        0.0,
                        0.0,
                        0.0
                    ],
                    "ori": [
                        0.0,
                        0.0,
                        0.0,
                        1.0
                    ],
                    "lin_vel": [
                        0.0,
                        0.0,
                        0.0
                    ],
                    "ang_vel": [
                        0.0,
                        0.0,
                        0.0
                    ]
                },
                "non_kin": {}
            },
            "holder_1": {
                "root_link": {
                    "pos": [
                        0.4016532015800476,
                        -0.33122768998146057,
                        1.1325352191925049
                    ],
                    "ori": [
                        -0.3291776180267334,
                        0.6262109279632568,
                        0.6276082992553711,
                        -0.32497668266296387
                    ],
                    "lin_vel": [
                        0.0,
                        0.0,
                        0.0
                    ],
                    "ang_vel": [
                        0.0,
                        0.0,
                        0.0
                    ]
                },
                "non_kin": {}
            },
            "holder_2": {
                "root_link": {
                    "pos": [
                        0.406501145362854,
                        0.315143883228302,
                        1.1355878114700317
                    ],
                    "ori": [
                        0.6797288060188293,
                        -0.20261473953723907,
                        -0.200631782412529,
                        0.6757684350013733
                    ],
                    "lin_vel": [
                        0.0,
                        0.0,
                        0.0
                    ],
                    "ang_vel": [
                        0.0,
                        0.0,
                        0.0
                    ]
                },
                "non_kin": {}
            },
            "drawer": {
                "root_link": {
                    "pos": [
                        0.4418204438686371,
                        -0.08546409755945206,
                        1.205750584602356
                    ],
                    "ori": [
                        0.5050991773605347,
                        -0.4953291118144989,
                        -0.49591943621635437,
                        0.5035751461982727
                    ],
                    "lin_vel": [
                        0.0,
                        0.0,
                        0.0
                    ],
                    "ang_vel": [
                        0.0,
                        0.0,
                        0.0
                    ]
                },
                "joint_pos": [
                    0.0003567975072655827
                ],
                "joint_vel": [
                    -4.262000474763994e-12
                ],
                "joint_eff": [
                    -3.215484321117401e-05
                ],
                "non_kin": {}
            },
            "xarm6": {
                "root_link": {
                    "pos": [
                        0.0,
                        0.0,
                        1.0
                    ],
                    "ori": [
                        0.0,
                        0.0,
                        0.0,
                        1.0
                    ],
                    "lin_vel": [
                        0.0,
                        0.0,
                        0.0
                    ],
                    "ang_vel": [
                        0.0,
                        0.0,
                        0.0
                    ]
                },
                "joint_pos": [
                    8.285343028546777e-06,
                    -0.5759848356246948,
                    -1.0,
                    -1.680084278632421e-05,
                    1.5707823038101196,
                    1.1240025742154103e-05,
                    0.849999189376831,
                    0.8499999642372131,
                    0.8500000238418579,
                    0.849998950958252,
                    0.8499999642372131,
                    0.8499999642372131
                ],
                "joint_vel": [
                    1.764640877865986e-08,
                    1.7949774701264687e-05,
                    -1.626269477128517e-05,
                    -4.20641015352885e-07,
                    1.8664441086002626e-05,
                    -6.100953697796285e-08,
                    7.716723484918475e-05,
                    -1.06571445002146e-08,
                    -5.498179689311655e-11,
                    0.00010042498615803197,
                    -1.0743790745948445e-08,
                    -9.548595421293715e-12
                ],
                "joint_eff": [
                    -1.1028886319763842e-06,
                    -9.033737114805263e-06,
                    -1.5966572846082272e-06,
                    -3.29400847931538e-07,
                    -4.35990443747869e-07,
                    2.0470736217248486e-10,
                    -1.6324450680116342e-09,
                    -2.065341675461241e-09,
                    3.713940932570381e-09,
                    2.7154504422810533e-08,
                    -1.2496383927640409e-09,
                    -1.138513106013761e-08
                ],
                "controllers": {
                    "arm_0": {
                        "goal_is_valid": true,
                        "goal": {
                            "target_pos": [
                                0.3093675673007965,
                                -2.152897423002287e-06,
                                0.35241198539733887
                            ],
                            "target_ori_mat": [
                                [
                                    0.999986469745636,
                                    -3.1566985398967518e-06,
                                    0.005202677566558123
                                ],
                                [
                                    -3.032849463124876e-06,
                                    -1.0,
                                    -2.3812746803741902e-05
                                ],
                                [
                                    0.005202677566558123,
                                    2.3796645109541714e-05,
                                    -0.9999864101409912
                                ]
                            ]
                        }
                    },
                    "gripper_0": {
                        "goal_is_valid": true,
                        "goal": {
                            "target": [
                                1.0
                            ]
                        }
                    }
                },
                "non_kin": {}
            },
            "desk": {
                "root_link": {
                    "pos": [
                        0.6589509844779968,
                        0.1532527208328247,
                        0.7856314778327942
                    ],
                    "ori": [
                        0.002253345912322402,
                        -0.0021627373062074184,
                        0.01047618966549635,
                        0.9999402761459351
                    ],