{
    "metadata": {},
    "state": {
        "system_registry": {},
        "object_registry": {
            "floors_ptwlei_0": {
                "root_link": {
                    "pos": [
                        0.0,
                        0.0,
                        0.0
                    ],
                    "ori": [
                        0.0,
                        0.0,
                        0.0,
                        1.0
                    ],
                    "lin_vel": [
                        0.0,
                        0.0,
                        0.0
                    ],
                    "ang_vel": [
                        0.0,
                        0.0,
                        0.0
                    ]
                },
                "non_kin": {}
            },
            "drawer": {
                "root_link": {
                    "pos": [
                        0.4805085361003876,
                        0.05559778958559036,
                        1.2057514190673828
                    ],
                    "ori": [
                        -0.3639231324195862,
                        0.595982551574707,
                        0.6095007061958313,
                        -0.3753313720226288
                    ],
                    "lin_vel": [
                        0.0,
                        0.0,
                        0.0
                    ],
                    "ang_vel": [
                        0.0,
                        0.0,
                        0.0
                    ]
                },
                "joint_pos": [
                    0.1117454469203949
                ],
                "joint_vel": [
                    3.831380723795519e-08
                ],
                "joint_eff": [
                    1.21575927734375
                ],
                "non_kin": {}
            },
            "xarm6": {
                "root_link": {
                    "pos": [
                        0.0,
                        0.0,
                        1.0
                    ],
                    "ori": [
                        0.0,
                        0.0,
                        0.0,
                        1.0
                    ],
                    "lin_vel": [
                        0.0,
                        0.0,
                        0.0
                    ],
                    "ang_vel": [
                        0.0,
                        0.0,
                        0.0
                    ]
                },
                "joint_pos": [
                    9.265490007237531e-06,
                    -0.5759810209274292,
                    -1.0,
                    -1.7993081200984307e-05,
                    1.5707823038101196,
                    7.683173862460535e-06,
                    0.849999189376831,
                    0.8499999642372131,
                    0.8500000238418579,
                    0.849999189376831,
                    0.8499999642372131,
                    0.8499999642372131
                ],
                "joint_vel": [
                    -1.9161683439961052e-07,
                    -0.00010712088987929747,
                    9.723811672301963e-05,
                    -6.68627961886159e-08,
                    -0.00010224068682873622,
                    -7.179052659012086e-07,
                    7.700554851908237e-05,
                    -7.012035396769534e-09,
                    -3.453237695794087e-12,
                    7.958596688695252e-05,
                    -7.011387026523153e-09,
                    9.027718572696131e-10
                ],
                "joint_eff": [
                    -1.5474240626645042e-06,
                    -2.4846864107530564e-05,
                    -1.0131066119356547e-05,
                    -1.056130713550374e-06,
                    -1.95907341549173e-06,
                    1.686878192685981e-09,
                    2.993365555425953e-08,
                    -1.525495840759561e-10,
                    6.501332361352752e-09,
                    6.72971438575587e-08,
                    -1.721327258508154e-08,
                    -3.094864453601076e-08
                ],
                "controllers": {
                    "arm_0": {
                        "goal_is_valid": true,
                        "goal": {
                            "target_pos": [
                                0.309367835521698,
                                -2.169136678276118e-06,
                                0.35241103172302246
                            ],
                            "target_ori_mat": [
                                [
                                    0.999986469745636,
                                    1.1683358707159641e-06,
                                    0.0051986114121973515
                                ],
                                [
                                    1.297798121413507e-06,
                                    -1.000000238418579,
                                    -2.4899876734707505e-05
                                ],
                                [
                                    0.0051986114121973515,
                                    2.49062868533656e-05,
                                    -0.9999866485595703
                                ]
                            ]
                        }
                    },
                    "gripper_0": {
                        "goal_is_valid": true,
                        "goal": {
                            "target": [
                                1.0
                            ]
                        }
                    }
                },
                "non_kin": {}
            },
            "desk": {
                "root_link": {
                    "pos": [
                        0.6593576669692993,
                        0.1541491150856018,
                        0.7878884077072144
                    ],
                    "ori": [
                        0.00013026416127104312,
                        -9.625303937355056e-05,
                        0.009745835326611996,
                        0.999952495098114
                    ],
                    "lin_vel": [
                        0.0,
                        0.0,
                        0.0
                    ],
                    "ang_vel": [
                        0.0,
                        0.0,
                        0.0
                    ]
                },
                "non_kin": {}
            },
            "toy": {
                "root_link": {
                    "pos": [
                        0.4570942521095276,
                        -0.02609783038496971,
                        1.279868721961975
                    ],
                    "ori": [
                        0.5741872787475586,
                        0.4254694879055023,
                        0.40844640135765076,
                        0.5678524374961853
                    ],
                    "lin_vel": [
                        0.0,
                        0.0,
                        0.0
                    ],
                    "ang_vel": [
                        0.0,
                        0.0,
                        0.0
                    ]
                },
                "non_kin": {}
            }
        }
    },
    "init_info": {
        "class_module": "omnigibson.scenes.interactive_traversable_scene",
        "class_name": "InteractiveTraversableScene",
        "args": {
            "scene_model": "Rs_int",
            "scene_instance": null,
            "scene_file": "/home/dell/workspace/xwj/Embodied-Tree-of-Thoughts/simworld/xarm6_rekep/xarm6_envs/short_4.json",
            "trav_map_resolution": 0.1,
            "default_erosion_radius": 0.0,
            "trav_map_with_objects": true,
            "num_waypoints": 10,